filename,chroma_stft,rmse,spectral_centroid,spectral_bandwidth,rolloff,zero_crossing_rate,mfcc1,mfcc2,mfcc3,mfcc4,mfcc5,mfcc6,mfcc7,mfcc8,mfcc9,mfcc10,mfcc11,mfcc12,mfcc13,mfcc14,mfcc15,mfcc16,mfcc17,mfcc18,mfcc19,mfcc20,mfcc21,mfcc22,mfcc23,mfcc24,mfcc25,mfcc26,mfcc27,mfcc28,mfcc29,mfcc30,mfcc31,mfcc32,mfcc33,mfcc34,mfcc35,mfcc36,mfcc37,mfcc38,mfcc39,mfcc40,label
testing_set/sample.wav,0.35440555214881897,0.020430630072951317,745.9687200222963,1154.6049233922224,1262.8671499399038,0.028376652644230768,-518.368408203125,143.47378540039062,37.02000427246094,12.09701919555664,4.20136833190918,8.851998329162598,1.5532695055007935,-7.406458377838135,2.1005780696868896,5.52508544921875,-2.015502452850342,8.69170093536377,16.973316192626953,10.540810585021973,8.234437942504883,4.713857650756836,3.364448070526123,3.296537399291992,2.778252124786377,0.1234222799539566,-9.374527931213379,-11.362741470336914,-0.5336189270019531,-1.570454478263855,-5.440465450286865,-0.7521874308586121,-1.298510193824768,2.507018566131592,-0.8157069087028503,-9.59758472442627,-6.413092613220215,-3.1659793853759766,-2.550947427749634,-3.1864395141601562,-4.905776023864746,-2.6725661754608154,2.2367942333221436,1.4702712297439575,1.6044387817382812,5.027279853820801
