filename,chroma_stft,rmse,spectral_centroid,spectral_bandwidth,rolloff,zero_crossing_rate,mfcc1,mfcc2,mfcc3,mfcc4,mfcc5,mfcc6,mfcc7,mfcc8,mfcc9,mfcc10,mfcc11,mfcc12,mfcc13,mfcc14,mfcc15,mfcc16,mfcc17,mfcc18,mfcc19,mfcc20,mfcc21,mfcc22,mfcc23,mfcc24,mfcc25,mfcc26,mfcc27,mfcc28,mfcc29,mfcc30,mfcc31,mfcc32,mfcc33,mfcc34,mfcc35,mfcc36,mfcc37,mfcc38,mfcc39,mfcc40,label
testing_set/sample.wav,0.32006415724754333,0.02720411866903305,1193.2858320863106,1339.719075833328,2369.5023386101975,0.055953176398026314,-463.0433349609375,131.7283477783203,0.7552995085716248,11.536240577697754,8.87047290802002,2.821942090988159,4.397286891937256,-10.198991775512695,-8.72740650177002,0.2592543065547943,-2.7763562202453613,-0.37349194288253784,0.3788388967514038,-1.4024938344955444,3.1635162830352783,2.3095099925994873,-0.695006787776947,-4.002452850341797,-0.6738057732582092,0.6718725562095642,-8.684617042541504,-5.412692070007324,1.7657191753387451,-3.1128737926483154,-1.8436411619186401,-0.6231545209884644,-8.574335098266602,-3.9085030555725098,-2.144956588745117,-7.044151782989502,-1.1695455312728882,-2.3008456230163574,-2.9738950729370117,-0.6080008149147034,-4.448629856109619,-2.207930564880371,-1.3179798126220703,-7.9890971183776855,-4.155992031097412,0.9276645183563232
