filename,chroma_stft,rmse,spectral_centroid,spectral_bandwidth,rolloff,zero_crossing_rate,mfcc1,mfcc2,mfcc3,mfcc4,mfcc5,mfcc6,mfcc7,mfcc8,mfcc9,mfcc10,mfcc11,mfcc12,mfcc13,mfcc14,mfcc15,mfcc16,mfcc17,mfcc18,mfcc19,mfcc20,mfcc21,mfcc22,mfcc23,mfcc24,mfcc25,mfcc26,mfcc27,mfcc28,mfcc29,mfcc30,mfcc31,mfcc32,mfcc33,mfcc34,mfcc35,mfcc36,mfcc37,mfcc38,mfcc39,mfcc40,label
testing_set/sample.wav,0.5040915012359619,0.012716750614345074,1085.315689308383,1314.8865303130146,2104.6202193859012,0.06819472202034883,-489.56805419921875,154.57542419433594,2.7849295139312744,20.340862274169922,-2.8586807250976562,8.326723098754883,11.75424575805664,-4.074942111968994,0.04015412554144859,9.191418647766113,4.375808238983154,2.3775365352630615,-0.969357430934906,-2.8371145725250244,11.172950744628906,5.466399192810059,-2.513127088546753,4.948498249053955,2.3281946182250977,-1.8228603601455688,1.4409385919570923,0.735419750213623,-5.651540279388428,-4.883820056915283,-1.1151775121688843,-3.883192539215088,-1.3384279012680054,0.3560377061367035,0.13473573327064514,-1.436386227607727,0.37886282801628113,2.62338924407959,0.22418776154518127,1.086708426475525,1.9591864347457886,2.67954421043396,-0.8702247738838196,2.7567074298858643,2.095611095428467,-2.289893627166748
