filename,chroma_stft,rmse,spectral_centroid,spectral_bandwidth,rolloff,zero_crossing_rate,mfcc1,mfcc2,mfcc3,mfcc4,mfcc5,mfcc6,mfcc7,mfcc8,mfcc9,mfcc10,mfcc11,mfcc12,mfcc13,mfcc14,mfcc15,mfcc16,mfcc17,mfcc18,mfcc19,mfcc20,mfcc21,mfcc22,mfcc23,mfcc24,mfcc25,mfcc26,mfcc27,mfcc28,mfcc29,mfcc30,mfcc31,mfcc32,mfcc33,mfcc34,mfcc35,mfcc36,mfcc37,mfcc38,mfcc39,mfcc40,label
testing_set/sample.wav,0.3880573511123657,0.013892080634832382,820.1155462513393,1202.5264166017882,1438.227168215981,0.03150959256329114,-532.5238037109375,153.5978240966797,18.49965476989746,25.69695281982422,25.175689697265625,11.381768226623535,-7.060515403747559,-9.174334526062012,0.20017048716545105,2.1105005741119385,6.588183403015137,6.634951114654541,-3.7754054069519043,-0.5753384828567505,4.963019847869873,-1.1096323728561401,-0.3102598190307617,1.4311988353729248,3.9806787967681885,4.295860290527344,-4.786463737487793,-8.060809135437012,-5.377950668334961,-4.112405776977539,-1.3888230323791504,-2.629680871963501,-1.637717366218567,-1.6991932392120361,-2.1025569438934326,-0.5140426754951477,-5.193410396575928,-5.605937957763672,-6.148836612701416,-6.037181377410889,-1.5325626134872437,1.2567850351333618,3.512584924697876,2.985201120376587,0.4419572949409485,-0.7176012992858887
